title,contact,state,icuLowCare,icuHighCare,ecmo,date,time
SANA Herz­zen­trum Dresden,Kardio­lo­gi­sche Inten­siv­sta­tion,SN,3,1,1,24.03.2020,12:43
AGAP­LE­SION DIAKONIE KLINIKEN KASSEL gGmbH,Inten­siv­sta­tion,HE,1,1,,25.03.2020,05:27
Agap­le­sion Diako­nie­kli­nikum Hamburg,D1,HH,1,2,,24.03.2020,13:23
Agap­le­sion Diako­nie­kli­nikum Roten­burg,17,NI,1,2,,18.03.2020,18:17
Agap­le­sion Diako­nie­kli­nikum Roten­burg,,NI,1,1,,25.03.2020,09:41
AGAP­LE­SION Ev. Bathil­dis­kran­ken­haus,Inter­dis­zi­pli­näre Inten­siv­sta­tion,NI,1,1,,25.03.2020,12:24
Agap­le­sion ev. Klinikum Schaum­burg,W 11 + W 13,NI,2,2,,20.03.2020,09:45
AGAP­LE­SION Ev. Kran­ken­haus Mittel­hessen,,HE,1,1,1,25.03.2020,10:56
"AK Nord, Hamburg, Pädia­tri­sche Inten­siv­sta­tion",Pädia­tri­sche Inten­siv­sta­tion H71B,HH,1,1,,25.03.2020,09:11
Alb Donau Klinikum-​ Standort Ehingen,Inten­siv­sta­tion,BW,1,1,3,19.03.2020,17:25
"ALB FILS KLINIKEN, Standort: Klinik am Eichert",Zentrum für Inten­siv­me­dizin,BW,1,1,,23.03.2020,17:55
Alb-​Donau-Klinikum Blau­beuren,Inter­dis­zi­pli­näre Inten­siv­sta­tion,BW,1,1,,19.03.2020,15:22
Albertinen-​Krankenhaus,C2,HH,1,1,1,24.03.2020,11:05
Alexianer Krefeld GmbH,Inten­siv­sta­tion,NRW,1,1,,24.03.2020,16:59
Allge­meines Kran­ken­haus Celle,M0,NI,1,1,,20.03.2020,18:39
Allge­meines Kran­ken­haus Viersen,inter­dis­zi­pli­näre Inten­siv­sta­tion,NRW,1,1,1,25.03.2020,13:53
Altmark-​Klinikum Kran­ken­haus Salz­wedel gGmbH,Inten­siv­sta­tion,ST,2,2,,24.03.2020,15:57
"Altmark­kli­nikum GGmbH, Standort Garde­legen",Inten­siv­sta­tion,ST,1,1,,24.03.2020,13:37
Altonaer Kinder­kran­ken­haus,Kinder­in­ten­siv­sta­tion,HH,1,1,,23.03.2020,13:20
AMEOS Klinikum Schö­ne­beck,Innere ITS,ST,1,1,,25.03.2020,10:53
Anto­nius Kran­ken­haus Köln,Inte­nis­v­sta­tion,NRW,2,1,,25.03.2020,13:10
ARDS und ECLS/ECMO-​Zentrum Klinikum Kassel,ECMO-​Zentrum (C73),HE,1,1,1,24.03.2020,09:07
"ARDS und ECMO Zentrum Köln-​Merheim, Kliniken der Stadt Köln,",ARDS und ECMO Zentrum,NRW,1,1,1,25.03.2020,14:01
Askle­pios Fach­kli­niken Teupitz und Lübben,ITS-​Teupitz und Weaning-​Lübben,BB,2,1,,25.03.2020,14:22
"Askle­pios Fach­kli­nikum Bran­den­burg, Neuro­lo­gi­sche Inten­siv­sta­tion",N4,BB,1,3,,24.03.2020,15:08
Askle­pios Harz­kli­niken Goslar,Inter­dis­zi­pli­näre Inten­siv­sta­tion 33,NI,1,2,,25.03.2020,09:52
Askle­pios Klinik Altona,2C und 2I,HH,1,1,,25.03.2020,09:46
Askle­pios Klinik Bad Oldesloe,B2,SH,3,1,,25.03.2020,10:28
Askle­pios Klinik Barmbek,Intensiv B,HH,1,1,,24.03.2020,16:52
Askle­pios Klinik Barmbek Hamburg,Intensiv B akut&weaning,HH,1,1,,23.03.2020,15:16
Askle­pios Klinik Birken­werder,ITS,BB,2,2,,24.03.2020,23:25
Askle­pios Klinik Burg­len­gen­feld,ITS,BY,1,1,2,24.03.2020,19:04
Askle­pios Klinik Kinder­klinik Sankt Augustin,KITZ,NRW,1,1,,25.03.2020,08:38
Askle­pios Klinik Langen,Inter­dis­zi­pli­näre Inten­siv­me­dizin,HE,1,1,1,25.03.2020,07:59
Askle­pios Klinik Lich,2C,HE,1,1,,25.03.2020,08:15
Askle­pios Klinik Lindau,ITS,BY,1,1,,25.03.2020,08:25
Askle­pios Klinik Nord,Inten­siv­sta­tion,HH,3,2,1,23.03.2020,17:15
Askle­pios Klinik Ober­viech­tach,IMC,BY,1,3,,22.03.2020,00:40
Askle­pios Klinik Parchim,Station 5  - ITS -,MV,1,1,3,20.03.2020,08:45
Askle­pios Klinik Pase­walk,Inten­siv­sta­tion,MV,1,1,,24.03.2020,13:52
Askle­pios Klinik Seli­gen­stadt,Inten­siv­sta­tion,HE,2,3,,25.03.2020,08:58
"Askle­pios Klinik St. Georg, Hamburg",E1/E3/F2,HH,1,1,1,23.03.2020,11:25
Askle­pios Klinik Weißen­fels,Inter­dis­zi­pli­näre Inten­siv­sta­tion (S 1),ST,1,1,,25.03.2020,16:00
Askle­pios Kliniken Schild­autal Seesen,Station 41,NI,2,2,,25.03.2020,15:12
Askle­pios Klinikum Hamburg-​Harburg,Inten­siv­sta­tion 91,HH,1,1,1,21.03.2020,15:33
Askle­pios Klinikum Hamburg-​Harburg,Inter­dis­zi­pli­näre Inten­siv­sta­tion 11,HH,1,1,1,25.03.2020,15:01
Askle­pios Klinikum Schwalm­stadt,Inten­siv­sta­tion,HE,1,1,,25.03.2020,13:52
Askle­pios Klinikum Ucker­mark,24,BB,2,2,,25.03.2020,12:48
Askle­pios Lungen­fach­klinik München-​Gauting,Inten­siv­sta­tion,BY,1,1,,24.03.2020,10:24
Askle­pios Nord­see­klinik Wester­land/ Sylt,Intensiv,SH,1,1,3,19.03.2020,07:51
Askle­pios Ortho­pä­di­sche Klinik Hohwald,IMC,SN,1,1,,20.03.2020,13:27
Askle­pios Paulinen Klinik Wies­baden,Inten­siv­sta­tion,HE,1,1,,20.03.2020,16:30
Askle­pios Schloß­berg­klinik Bad König,,HE,3,1,3,19.03.2020,09:22
Askle­pios Stadt­klinik Bad Tölz,Inten­siv­sta­tion,BY,1,1,,25.03.2020,09:04
Askle­pios Stadt­klinik Bad Wildungen,Inten­siv­sta­tion,HE,1,1,,25.03.2020,13:20
Askle­pios Südpfalz­klinik Germers­heim,Inten­siv­sta­tion,RP,1,1,,25.03.2020,08:41
Askle­pios Südpfalz­klinik Kandel,Intensiv/IMC,RP,1,1,,25.03.2020,09:42
"Askle­pios West­kli­nikum, Hamburg Rissen",Inten­siv­sta­tion,HH,1,2,,25.03.2020,15:00
Asklepios-​ASB Klinik Rade­berg,Inter­dis­zi­pli­näre Inten­siv­sta­tion,SN,3,1,,25.03.2020,09:23
Askle­pio­sklinik Melsungen,,HE,1,1,,25.03.2020,12:17
"Askle­pio­sklinik Wandsbek, Hamburg",Inter­disz. Inten­siv­sta­tion B1-West,HH,2,1,,25.03.2020,14:35
Augusta-​Kliniken Bochum-​Mitte,I-12,NRW,1,1,1,25.03.2020,09:31
Barm­her­zige Brüder München,,BY,1,1,1,21.03.2020,13:45
Betha­nien Kran­ken­haus Solingen,pneu­mo­lo­gi­sche Inten­siv­sta­tion,NRW,3,1,1,24.03.2020,12:31
Bethesda Kran­ken­haus Berge­dorf,Inten­siv­sta­tion,HH,1,1,,25.03.2020,14:58
Beth­lehem Gesund­heits­zen­trum Stol­berg,B1,NRW,1,1,,24.03.2020,15:18
BG - Unfall­klinik Murnau,Inter­dis­zi­pli­näre Inten­siv­me­dizin,BY,1,1,1,25.03.2020,12:38
BG Klinik Tübingen,,BW,1,1,,25.03.2020,16:01
BG Klinikum Berg­mann­strost Halle,Inter­dis­zi­pli­näre Inten­siv­sta­tionen,ST,1,1,,25.03.2020,12:23
BG Klinikum Unfall­kran­ken­haus Berlin gGmbH - UKB,,BE,1,1,1,25.03.2020,08:13
BG Unfall­klinik Frank­furt am Main gGmbH,Inten­siv­sta­tion,HE,3,1,1,25.03.2020,14:51
BG Univer­si­täts­kli­nikum Berg­manns­heil Bochum,Inten­siv­sta­tionen,NRW,1,1,1,25.03.2020,14:35
BG-​Klinikum-Duisburg,Inten­siv­sta­tion,NRW,2,1,1,24.03.2020,09:21
Bodden-​Kliniken Ribnitz-​Damgarten,ITS/IMC,MV,1,1,,23.03.2020,13:33
Borromäus-​Hospital Leer,Inten­siv­sta­tion,NI,1,1,,25.03.2020,08:01
Bran­den­burg: Elbe-​Elster-Klinikum GmbH,,BB,1,1,1,20.03.2013,09:26
Brüder­kran­ken­haus Trier,Inten­siv­sta­tion 1E Herz­zen­trum,RP,3,2,1,25.03.2020,07:11
Bundes­wehr­kran­ken­haus Berlin,Inter­dis­zi­pli­näre Inten­siv­sta­tion,BE,1,1,1,24.03.2020,16:23
Bundes­wehr­kran­ken­haus Hamburg,"1.1, 1.2",HH,1,1,2,18.03.2020,20:11
Bundes­wehr­kran­ken­haus Ulm - Klinik für Anäs­thesie u. Inten­siv­me­dizin,Intensiv Süd und Intensiv Ost,BW,1,1,,23.03.2020,18:29
Bürger­hos­pital Frank­furt am Main,ITS,HE,3,2,,23.03.2020,16:59
BwZKrHs Koblenz,,RP,1,2,2,25.03.2020,11:06
Capio Elbe-​Jeetzel-Klinik,,NI,1,1,,25.03.2020,13:08
Caritas Kran­ken­haus St. Josef,Inter­dis­zi­pli­näre Inten­siv­sta­tion,BY,2,2,1,25.03.2020,08:35
Caritas-​Klinik Berlin-​Pankow,Inten­siv­sta­tion,BE,1,1,,25.03.2020,10:45
Caritas-​Klinik Domi­nikus Berlin-​Reinickendorf,Inter­di­zi­pli­näre Inten­siv­sta­tion,BE,1,1,,23.03.2020,09:30
Cari­tas­kran­ken­haus Bad Mergen­t­heim,Z1/ Z2,BW,1,1,,20.03.2020,18:41
Carl-​Thiem-Klinikum Cottbus,Inten­siv­sta­tion,BB,1,1,1,23.03.2020,12:06
Carl-​von-Basedow-Klinikum,,ST,1,1,1,23.03.2020,16:07
Charité - Univer­si­täts­me­dizin Berlin,8i/144i/43i,BE,1,1,1,24.03.2020,10:21
"Charité - Univer­si­täts­me­dizin Berlin, Campus Mitte",103i,BE,1,1,1,24.03.2020,12:17
Charité CVK Kinder­klinik (OHC) - inter­dis­zi­pli­näre Kinder­in­ten­siv­sta­tion,Station 25i,BE,1,2,,25.03.2020,09:04
Charité Univer­si­täts­me­dizin Medi­zi­ni­sche Klinik für Kardio­logie CBF,s32a,BE,1,2,1,22.03.2020,11:43
"Charité,  Chir­ur­gi­sche Klinik, Campus Virchow-​Klinikum",Chir­ur­gi­sche Inten­siv­sta­tion 9i,BE,1,1,,23.03.2020,21:42
"Charité, Campus Virchow-​Klinikum , Chir­ur­gi­sche Klinik, ITS 21i Schwer­punkt Trans­plan­ta­tion",21i,BE,3,3,,24.03.2020,22:38
Christ­li­ches Kran­ken­haus Quaken­brück,11/12,NI,1,1,,24.03.2020,21:30
COLLM KLINIK OSCHATZ,Inten­siv­sta­tion,SN,1,1,,24.03.2020,09:48
Darm­städter Kinder­kli­niken Prin­zessin Margaret,Station D,HE,1,1,,21.03.2020,10:22
Deister-​Süntel-Klinik Bad Münder,Inten­si­vatation,NI,1,1,,25.03.2020,08:15
Deut­sches Herz­zen­trum Berlin,IPS - K,BE,3,3,2,23.03.2020,17:36
Deut­sches Herz­zen­trum Berlin,Kardio­chir­ur­gi­sche Inten­siv­me­dizin,BE,3,2,2,21.03.2020,19:00
Diakomed - Diako­nie­kran­ken­haus Chem­nitzer Land gGmbH,Inter­dis­zi­pli­näre Inten­siv­the­ra­pie­sta­tion,SN,1,1,,23.03.2020,12:43
Diakoneo Diak Klinikum,H1.2. / H1.3,BW,1,1,3,25.03.2020,12:11
Diakoneo Klinik Haller­wiese - Cnopf­sche Kinder­klinik Nürn­berg,Inten­siv­sta­tion,BY,1,1,,23.03.2020,18:32
Diakoneo Klinik Schwa­bach,Inter­dis­zi­pli­näre Inten­siv­sta­tion,BY,1,1,,24.03.2020,13:03
Diakoneo Rangau­klinik Ansbach GmbH,9,BY,3,3,,23.03.2020,10:03
Diakonie-​Klinikum Stutt­gart,Corona ITS/ IMC,BW,2,3,,25.03.2020,16:07
Diako­nie­kli­nikum Neun­kir­chen,inter­dis­zi­pli­näre Inten­siv­sta­tion,SL,2,2,3,19.03.2020,12:32
Diako­nie­kran­ken­haus Halle gGmbH,ITS,ST,2,1,,25.03.2020,13:32
Diako­nis­sen­kran­ken­haus Dessau gemein­nüt­zige GmbH,ITS,ST,1,1,,24.03.2020,13:34
Diako­nis­sen­kran­ken­haus Mann­heim,Inter­disz. Inten­siv­sta­tion,BW,2,2,,25.03.2020,10:35
Dill-​Kliniken Dillen­burg (Lahn-​Dill-Kliniken),Inter­dis­zi­pli­näre Inten­siv­sta­tion,HE,2,1,,23.03.2020,09:50
Dr. Horst-​Schmidt Kliniken Wies­baden,,HE,1,1,1,20.03.2013,09:26
"Dreifaltigkeits-​Hospital gem. GmbH, Lipp­stadt",Inten­siv­sta­tion,NRW,3,1,,25.03.2020,11:04
DRK Kinder­klinik,Intensiv 1,NRW,2,2,,25.03.2020,13:19
DRK Kliniken Berlin Köpe­nick,ITS,BE,2,2,,25.03.2020,15:40
Drk Kliniken Berlin Westend,Inten­siv­sta­tion,BE,1,1,,25.03.2020,09:52
DRK Kliniken Nord­hessen,INT und CoViD-​INT,HE,2,1,,24.03.2020,09:56
DRK Kran­ken­haus Alten­kir­chen,Intensiv,RP,1,2,,22.03.2020,09:37
DRK Kran­ken­haus Altenkirchen-​Hachenburg (HB),Inten­siv­sta­tion,RP,1,1,,25.03.2020,08:02
DRK Kran­ken­haus Lich­ten­stein Gemein­nüt­zige GmbH,ITS,SN,2,2,,25.03.2020,10:46
DRK Kran­ken­haus Raben­stein,Inten­siv­sta­tion,SN,1,1,3,19.03.2020,09:38
DRK Kran­ken­haus Ratze­burg,7,SH,3,3,,25.03.2020,10:05
DRK Kran­ken­haus Teterow,ITS,MV,3,2,3,25.03.2020,07:53
DRK-​Krankenhaus Bieden­kopf,Inten­siv­sta­tion,HE,3,2,,18.03.2020,18:33
Elbe Klinikum Buxte­hude,,NI,1,1,,23.03.2020,17:04
Elbe­kli­nikum Stade,INTEN­SIV­STA­TION,NI,1,1,,23.03.2020,17:56
ELBLAND Reha- und Präventions-​GmbH,Beat­mungs­sta­tion 4a,SN,3,3,,23.03.2020,11:16
Elisabeth-​Krankenhaus Essen,kardiologisch-​ inter­nis­ti­sche Inten­siv­sta­tion,NRW,1,1,1,25.03.2020,10:19
Elisa­be­then Klinikum OSK,C11-C22,BW,1,1,,25.03.2020,12:14
Euregio-​Klinik Albert-​Schweitzer-Straße,Inter­dis­zi­pli­näre Inten­siv­sta­tion,NI,1,1,,25.03.2020,08:37
Ev. Diako­nis­sen­kran­ken­haus Leipzig,Inten­siv­sta­tion,SN,1,1,,23.03.2020,15:21
Ev. Kran­ken­haus Göttingen Weende,Inter­dis­zi­pli­näre Inten­siv­sta­tion,NI,1,1,,23.03.2020,16:14
Ev. Kran­ken­haus Lipp­stadt; Kinder­in­ten­siv­sta­tion,Kinder­in­ten­siv­sta­tion/Neona­to­logie,NRW,2,2,,24.03.2020,13:30
Ev. Kran­ken­haus Ober­hausen,Intensiv A + B,NRW,1,1,,25.03.2020,11:25
Ev. Kran­ken­haus Wesel,IBS,NRW,2,1,,21.03.2020,07:20
Ev. Wald­kran­ken­haus Spandau,"14A, 14B",BE,1,1,,24.03.2020,10:28
Evang. Amalie Sieveking Kran­ken­haus,Intensiv,HH,1,1,,25.03.2020,08:29
Evan­ge­li­sche Kran­ken­haus (EvK) Herne-​Mitte,Inten­siv­sta­tion,NRW,1,1,,25.03.2020,10:11
Evan­ge­li­sche Lungen­klinik Berlin,Inten­siv­sta­tion 1,BE,1,1,,25.03.2020,10:25
Evan­ge­li­sche Lungen­klinik Berlin,Inten­siv­sta­tion 2,BE,2,3,,25.03.2020,07:28
Evan­ge­li­scheE­li­sa­beth Klinik Berlin,Inten­siv­sta­tion 7,BE,2,2,,25.03.2020,10:57
Evan­ge­li­sches Diako­nie­kran­ken­haus Frei­burg,Inter­dis­zi­pli­näre Inten­siv­sta­tion,BW,1,1,,25.03.2020,15:44
"Evan­ge­li­sches Klinikum Bethel, Bethel","M1, M10, AN-01, AN-02",NRW,1,1,,25.03.2020,08:14
"Evan­ge­li­sches Klinikum Bethel, Johan­nes­stift",,NRW,2,1,,25.03.2020,08:59
Evan­ge­li­sches Klinikum Köln Weyertal,Intensiv B2,NRW,1,1,,25.03.2020,12:03
Evan­ge­li­sches Kran­ken­haus Bad Dürk­heim,,RP,1,1,,25.03.2020,10:19
Evan­ge­li­sches Kran­ken­haus Hamm,63,NRW,3,3,,25.03.2020,11:59
Evan­ge­li­sches Kran­ken­haus Hubertus,,BE,1,1,,25.03.2020,12:15
Evan­ge­li­sches Kran­ken­haus Kalk in Köln (EVKK),,NRW,1,1,,25.03.2020,10:06
Evan­ge­li­sches Kran­ken­haus Königin Elisa­beth Herz­berge,IC1 IC2,BE,3,3,3,21.03.2020,14:06
Evan­ge­li­sches Kran­ken­haus Lipp­stadt gGmbH,ITS,NRW,1,1,,20.03.2020,14:06
Evan­ge­li­sches Kran­ken­haus Luckau,Inten­siv­sta­tion,BB,1,1,,25.03.2020,13:41
Evan­ge­li­sches Kran­ken­haus Olden­burg,Station 28,NI,1,1,1,24.03.2020,13:12
Evan­ge­li­sches Kran­ken­haus Paul Gerhardt Stift,Inten­siv­sta­tion,ST,1,1,,25.03.2020,15:15
Evan­ge­li­sches Kran­ken­haus Unna,Inten­siv­sta­tion I+II,NRW,1,1,,25.03.2020,14:40
Evan­ge­li­sches Stadt­kran­ken­haus Saar­brü­cken,Inter­dis­zi­pli­näre Inten­siv­sta­tion,SL,1,1,,20.03.2020,15:34
EVK Düssel­dorf,Inter­dis­zi­pli­näre Inten­siv­sta­tion,NRW,1,2,,25.03.2020,09:57
"EvK Herne, Bst. Eickel, Thora­x­zen­trum Ruhr­ge­biet",Inten­siv­sta­tion,NRW,1,1,,25.03.2020,14:36
EVK Mett­mann,Inter­dis­zi­pli­näre Inten­siv­sta­tion,NRW,1,1,,25.03.2020,11:09
Fach­kran­ken­haus Coswig GmbH,D-1,SN,1,1,1,25.03.2020,08:44
Fach­kran­ken­haus Huber­tus­burg gGmbH,Neuro­lo­gi­sche Inten­siv­sta­tion,SN,2,1,,23.03.2020,09:22
Filder­klinik,Intensiv,BW,1,1,,23.03.2020,13:08
Florence-​Nightingale-Krankenhaus inter­dis­zi­pli­näre Inten­siv­sta­tion,inter­dis­zi­pli­näre Inten­siv­sta­tion,NRW,2,1,,25.03.2020,14:23
Florence-​Nightingale-Krankenhaus Kinder­klinik,Kinder­in­ten­siv­sta­tion,NRW,1,2,,25.03.2020,10:02
Frauen- und Kinder­klinik St. Louise Pader­born,Kinder­in­ten­siv­sta­tion K4,NRW,1,1,,23.03.2020,13:12
Friedrich-​Ebert-Krankenhaus Neumünster,59,SH,1,1,,25.03.2020,14:23
"Gemein­schafts­kli­nikum Mittel­rhein, Kinder- und Jugend­me­dizin, Kemperhof",Neonatologisch-​pädiatrische Inten­siv­sta­tion,RP,1,1,,23.03.2020,16:57
Gemein­schafts­kran­ken­haus Havel­höhe,1/2,BE,1,1,1,25.03.2020,07:51
Gesund­heits­zen­trum Glantal,IMC,RP,1,3,3,23.03.2020,09:36
Gesund­heits­zen­trum Oden­wald­kreis GmbH,Inten­siv­sta­tion I + II,HE,1,1,3,19.03.2020,21:48
GFO Kliniken Nieder­rhein - St. Vinzenz-​Hospital Dins­laken,Inten­siv­sta­tion,NRW,1,3,,25.03.2020,07:59
GKH Herdecke gGmbH,4E,NRW,1,1,,25.03.2020,10:38
GRN Klinik Eber­bach,ITS,BW,3,3,,24.03.2020,12:31
GRN Klinik Sins­heim,Inten­siv­sta­tion,BW,2,1,,23.03.2020,17:06
GRN-​Klinik Schwet­zingen,Inten­siv­sta­tion,BW,1,2,,22.03.2020,19:44
GRN-​Klinik Wein­heim,Inten­siv­sta­tion,BW,1,1,,25.03.2020,16:01
Harz­kli­nikum Doro­thea Chris­tiane Erxleben QUED­LIN­BURG,Inten­siv­sta­tion (03),ST,1,1,,24.03.2020,14:54
Havel­land Kliniken Standort Rathenow,Inten­siv­sta­tion,BB,3,1,,24.03.2020,09:22
Havelland-​Kliniken Standort Nauen,Inten­siv­sta­tion,BB,3,1,,25.03.2020,14:12
Hegau-​Bodensee-Klinikum (HBK) - Standort Singen,Inten­siv­sta­tionen,BW,1,1,,25.03.2020,12:16
Heilig Geist-​Krankenhaus,inter­dis­zi­pli­näre Inten­siv­sta­tion,NRW,1,2,,25.03.2020,10:45
"Heinrich-​Braun-Klinikum Zwickau gGmbH, Inten­siv­be­reiche",Inten­siv­be­reiche,SN,1,1,2,24.03.2020,08:27
Helios Dr. Horst- Schmidt Klinik Wies­baden,C1,HE,1,1,1,25.03.2020,10:04
Helios Hanse­kli­nikum Stral­sund,Inter­dis­zi­pli­näre Inten­siv­sta­tion,MV,1,1,1,24.03.2020,11:20
Helios Klinik Blan­ken­hain,Inten­siv­sta­tion,TH,1,1,,22.03.2020,21:20
Helios Klinik Erlen­bach,Intensiv,BY,1,1,,25.03.2020,08:38
Helios Klinik Herz­berg und Osterode,Inten­siv­sta­tion,NI,1,1,,25.03.2020,11:17
Helios Klinik Köthen,Inten­siv­sta­tion,ST,1,1,,20.03.2020,11:15
Helios Klinik Wipper­fürth,1C Inten­siv­sta­tion,NRW,1,1,,25.03.2020,11:08
Helios Klinik Zerbst/Anhalt,IMC,ST,1,1,,23.03.2020,12:46
Helios Klinikum Bad Saarow,"ITS 1, ITS 2, ITS 3",BB,2,1,1,25.03.2020,07:05
Helios Klinikum Berlin-​Buch,C1-11,BE,1,1,1,24.03.2020,12:01
HELIOS Klinikum Erfurt,,TH,1,1,1,20.03.2020,21:04
Helios Klinikum Gifhorn,1.4 (Intensiv),NI,2,1,3,18.03.2020,10:45
Helios Klinikum Hildes­heim,ITS D2,NI,1,1,,24.03.2020,20:36
Helios Klinikum Hildes­heim inter­nis­ti­sche Intensiv,B2 Intensiv,NI,3,1,,24.03.2020,10:27
Helios Klinikum Krefeld,B1A1/B1C1/B1A2/B1B2/A2A1/A1A1-D,NRW,1,1,1,25.03.2020,10:17
Helios Klinikum München West,2A ICU,BY,3,1,,21.03.2020,13:59
Helios Klinikum Nieder­berg,Inten­siv­sta­tion Station 14,NRW,1,2,,25.03.2020,11:05
Helios Klinikum Pforz­heim,ITS,BW,1,1,1,25.03.2020,13:38
Helios Klinikum Pirna,Inten­siv­sta­tion B4,SN,1,1,,25.03.2020,12:55
Helios Klinikum Salz­gitter,Intensiv-​ und Über­wa­chungs­sta­tion,NI,1,1,,25.03.2020,09:46
Helios Klinikum Schleswig,Inter­dis­zi­pliäre Inten­siv­me­dizin,SH,1,1,,25.03.2020,07:55
Helios Maria­hilf Hamburg,Erwachsenen-​ und Kiner­in­ten­siv­sta­tion,HH,1,1,,23.03.2020,10:42
HELIOS Park-​Klinikum Leipzig,ITS (1H),SN,1,1,,23.03.2020,12:51
Helios Park-​Klinikum Leipzig,,SN,2,2,,25.03.2020,10:39
Helios St. Elisa­beth Klinik Ober­hausen,Intensiv 1,NRW,3,1,,25.03.2020,15:23
Helios St. Mari­en­berg Klinik Helm­stedt,ITS / Covid19,NI,1,1,,21.03.2020,13:33
Helios St. Mari­en­berg Klinik Helm­stedt,11/12,NI,1,1,,25.03.2020,09:00
Helios Univer­si­täts­kli­nikum Wuppertal,Opera­tive und konser­va­tive Intensiv,NRW,1,1,1,24.03.2020,10:24
Helios-​Klinik Rott­weil,Inten­siv­sta­tion,BW,1,1,,23.03.2020,18:16
Helios-​Kliniken Mittel­weser,,NI,2,1,,25.03.2020,08:50
Helio­skli­nikum Warburg,Inten­siv­sta­tion/IMC,NRW,1,1,,25.03.2020,09:02
Herz jesu Kran­ken­haus Münster-​Hiltrup,Inten­siv­sta­tion 1b,NRW,1,1,,25.03.2020,13:45
Herz- und Gefäß­zen­trum Bad Bevensen,Inter­dis­zi­pli­näre Inten­siv­sta­tion,NI,1,1,1,24.03.2020,21:57
Herz-​Jesu-Krankenhaus Dern­bach,,RP,3,1,,25.03.2020,10:46
Herz-​Kreislauf-Zentrum Klinikum Hersfeld-​Rotenburg GmbH,C-ITS,HE,3,1,2,19.03.2020,09:33
Herzogin Elisa­beth Hospital,ITS,NI,1,1,,23.03.2020,08:49
Herz­zen­trum Dresden Klinik für Herz­chir­urgie,Intensiv 2B,SN,3,1,1,25.03.2020,15:42
Herz­zen­trum Leipzig,,SN,1,1,1,25.03.2020,08:42
Hessen­klinik Stadt­kran­ken­haus Korbach gGmbH,14,HE,1,1,,18.03.2020,17:27
HGH Bens­heim,Inten­siv­sta­tion,HE,1,1,,25.03.2020,11:34
Hoch­wald­kran­ken­haus Bad Nauheim,inter­dis­zi­pli­näre Inten­siv­sta­tion,HE,2,3,,20.03.2020,13:40
Hospital zum Heiligen Geist Kempen,Inten­siv­sta­tion,NRW,1,1,,23.03.2020,08:22
Huns­rück Klinik kreuz­nacher Diakonie,Inten­siv­sta­tion,RP,1,1,,25.03.2020,09:12
imland Klinik Rends­burg,,SH,1,1,1,20.03.2020,19:07
Imma­nuel Klinik Rüders­dorf,Inten­siv­sta­tion,BB,1,1,,25.03.2020,13:40
Imma­nuel Klinikum Bernau Herz­zen­trum Bran­den­burg,Inten­siv­sta­tion,BB,1,1,1,25.03.2020,09:03
Isar Kliniken GmbH,Inten­siv­sta­tion,BY,3,2,,24.03.2020,19:07
"Isar-​Amper-Klinikum München -Ost, Klinik für Neurolgie",,BY,1,1,,23.03.2020,17:04
Israe­li­ti­sches Kran­ken­haus,Inten­siv­sta­tion,HH,1,1,,20.03.2020,17:19
Johanna Etienne Kran­ken­haus,,NRW,1,1,,25.03.2020,10:51
Johan­niter GmbH - Ev. Kran­ken­haus Bethesda Mönchen­glad­bach,,NRW,1,1,,25.03.2020,14:18
Johan­niter Gmbh - Wald­kran­ken­haus Bonn,Inter­dis­zi­pli­näre Inten­siv­sta­tion,NRW,3,3,,19.03.2020,12:46
Johan­niter Kran­ken­haus Bonn,Inter­dis­zi­pli­näre Inten­siv­sta­tion,NRW,1,1,3,19.03.2020,15:17
Johanniter-​Krankenhaus Geest­hacht,Inter­dis­zi­pli­näre Inten­siv­sta­tion,SH,1,2,,24.03.2020,19:10
Johanniter-​Krankenhaus Treu­en­brietzen,9/ITS,BB,2,1,,23.03.2020,10:16
Josephs Hospital,Inten­siv­sta­tion,NRW,1,1,,23.03.2020,14:45
Jüdi­sches Kran­ken­haus Berlin,Inten­siv­sta­tion,BE,1,1,,24.03.2020,12:06
"Kardinal v. Galen Klinik, St. Elisa­beth Damme",ICU,NI,1,1,,20.03.2020,10:28
Karl-​Hansen-Klinik Bad Lipp­springe,Intensiv I und II,NRW,1,1,1,25.03.2020,09:50
Karl-​Olga-Krankenhaus Stutt­gart,A5,BW,3,2,,21.03.2020,19:09
Katharinen-​Hospital Unna,1a,NRW,1,1,,25.03.2020,07:43
Katho­li­sche Kliniken Ruhr­halb­insel - St.​Josef Kran­ken­haus Kupfer­dreh,Inter­dis­zi­pli­näre Inten­siv­sta­tion,NRW,1,1,,24.03.2020,13:11
Katho­li­sches Karl-​Leisner-Klinikum gGmbH Mari­en­hos­pital Keve­laer,Inter­dis­zi­pli­näre Inten­siv­sta­tion,NRW,1,1,,25.03.2020,07:07
Katho­li­sches Kinder­kran­ken­haus Wilhelm­stift,S1,HH,1,1,,24.03.2020,09:52
Katho­li­sches Klinikum Koblenz-​Montabaur,3 Inter­di­zi­pli­näre Inten­siv­sta­tion,RP,1,1,1,25.03.2020,10:48
"Katho­li­sches Klinikum Ober­hausen, St. Clemens Hospital",ICU,NRW,1,1,,24.03.2020,20:02
Katho­li­sches Kran­ken­haus St. Johann Nepomuk Erfurt,Inter­dis­zi­pli­näre Inten­siv­the­ra­pie­sta­tion,TH,3,2,,25.03.2020,09:19
Ketteler Kran­ken­haus Offen­bach,,HE,2,3,,24.03.2020,17:21
Kinder­klinik und Kinder­po­li­klinik im Dr. von Hauner­schen Kinder­spital der LMU München,Inter­dis­zi­pli­näre Kinder­in­ten­siv­sta­tion,BY,1,1,,24.03.2020,18:05
Kinder­kran­ken­haus Amster­damer Strasse,Inter­di­zi­pli­näre Pädia­tri­sche Inten­siv­sta­tion,NRW,1,1,,25.03.2020,09:25
Kinder­zen­trum Bielefeld-​Bethel EvKB,PICU (9 high+6 low care) + NICU (16 high care),NRW,1,2,,25.03.2020,09:53
KJF Klinik Sankt Elisa­beth Neuburg/Donau,Station 16,BY,1,1,,24.03.2020,12:21
KJF Klinik St. Elisa­beth,inter­dis­zi­pli­näre Inten­siv­sta­tion,BY,1,1,,25.03.2020,08:20
"KKB / St. Josef Hospital Bochum, Klinikum der Ruhr-​Universität-Bochum",Konser­va­tive ITS,NRW,2,2,,25.03.2020,07:58
"KKH Delitzsch GmbH, Klinik Eilen­burg",ITS,SN,1,2,,23.03.2020,14:44
KKH Demmin,ITS,MV,1,2,,22.03.2020,12:56
"KKH Lörrach, Kreis­kli­niken des Land­kreises Lörrach",Inten­siv­sta­tion,BW,1,1,,25.03.2020,09:35
Klinik Amsee GmbH,,MV,1,1,,25.03.2020,10:23
Klinik Augus­tinum,Inten­siv­sta­tion 7,BY,1,1,,25.03.2020,07:51
"Klinik Eich­stätt, Inter­dis­zi­pli­näre ITS",Inten­siv­sta­tion,BY,1,1,,25.03.2020,11:18
"Klinik für Anäs­the­sio­logie m. S. opera­tive Inten­siv­me­dizin, Charité Campus Benjamin Fran­klin",44i,BE,1,1,1,20.03.2020,11:09
"Klinik für Neuro­logie am Univer­si­täts­kli­nikum des Saar­landes, Homburg/Saar",NN-05 und NN-01,SL,2,2,,20.03.2020,13:46
Klinik für Pädia­tri­sche Inten­siv­me­dizin,4028,HB,1,2,1,23.03.2020,08:32
Klinik Hennigs­dorf der Ober­havel - Kliniken GmbH,Inten­siv­sta­tion,BB,1,2,,25.03.2020,13:32
Klinik Hohe Warte,1,BY,1,1,,24.03.2020,10:09
Klinik Kitzinger Land,Inter­dis­zi­pli­näre Inten­siv­sta­tion,BY,2,1,,25.03.2020,07:29
Klinik Neuen­det­telsau,Inten­siv­sta­tion,BY,1,1,,18.03.2020,15:08
Klinik Neustadt a. d. Aisch,Inten­siv­sta­tion,BY,2,1,,23.03.2020,14:28
Klinik Neustadt an der Aisch,Inten­siv­sta­tion,BY,1,1,,21.03.2020,15:49
Klinik Preetz,ITS Stat. 2,SH,1,1,3,25.03.2020,08:54
Klinik Rotes Kreuz Frank­furt/ Main,Inten­siv­sta­tion,HE,1,1,3,21.03.2020,11:41
Klinik Schil­ler­höhe Robert-​Bosch-Krankenhaus,Intensiv,BW,1,1,1,21.03.2020,16:28
kliniken an der Paar - Kran­ken­haus Aichach,Inten­siv­sta­tion - inter­dis­zi­plinär,BY,3,1,,25.03.2020,08:49
Kliniken Beelitz GmbH / Fach­kran­ken­haus für Neuro­lo­gi­sche Früh­re­ha­bi­li­ta­tion,Beat­mungs­sta­tion FW,BB,3,3,,23.03.2020,11:17
Kliniken des Land­kreises Neumarkt i.​d.​OPf. / Klinikum Neumarkt,Inten­siv­sta­tion 1A,BY,3,2,,25.03.2020,10:04
Kliniken Dritter Orden - Standort Kinder­klinik Passau,PICU,BY,1,1,,25.03.2020,13:15
Kliniken Erla­brunn gGmbH,Inter­dis­zi­pli­näre ITS/IMC/Stroke Unit,SN,2,2,,25.03.2020,08:04
Kliniken Essen-​Mitte Ev. Kran­ken­haus Werden,INTW,NRW,2,2,,24.03.2020,08:25
Kliniken Hoch­Franken,Münch­berg Station 1A Naila Station O2,BY,2,1,,25.03.2020,07:26
Kliniken Maria Hilf GmbH,,NRW,1,1,1,25.03.2020,13:30
Klinikum Alten­burger Land,25,TH,1,1,,25.03.2020,11:29
Klinikum am Stei­nen­berg,D5i,BW,1,1,1,25.03.2020,11:17
Klinikum Bad Bramstedt,IMC A1,SH,1,3,,23.03.2020,10:08
"Klinikum Barnim GmbH, Werner Forß­mann Kran­ken­haus Ebers­walde",Inten­siv­sta­tion 1; Inter­me­diate Care Station 14,BB,1,1,3,20.03.2020,08:53
Klinikum Bayreuth GmbH,Opera­tive Inten­siv­sta­tion 18,BY,1,1,1,20.03.2020,20:45
Klinikum Biele­feld gGmbH,KAINS - Inten­siv­ko­or­di­na­tion,NRW,2,1,2,24.03.2020,16:18
Klinikum Bremen Mitte,,HB,3,1,2,20.03.2020,07:53
Klinikum Chris­tophsbad Göppingen,NE 1,BW,1,3,,21.03.2020,13:08
"Klinikum Dahme Spree­wald GmbH, Achen­bach Kran­ken­haus",ITS,BB,2,2,,25.03.2020,14:59
"Klinikum Dahme Spree­wald GmbH, Spree­wald­klinik Lübben",ITS,BB,2,1,,25.03.2020,10:36
Klinikum der Stadt Ludwigs­hafen,Inten­siv­sta­tionen,RP,1,1,2,24.03.2020,12:50
Klinikum Dort­mund,C12,NRW,3,2,2,18.03.2020,06:07
Klinikum Dort­mund gGmbH,Inten­siv­sta­tion Erwach­sene,NRW,1,1,1,25.03.2020,12:11
"Klinikum Dort­mund gGmbH, KLZ Nord, Station ND1",ND1,NRW,3,3,3,18.03.2020,13:35
Klinikum Dritter Orden München,,BY,3,2,,23.03.2020,14:35
Klinikum Emden inter­dis­zi­pli­näre Inten­siv­me­dizin,Inter­dis­zi­pli­näre inten­siv­me­dizin,NI,1,1,1,24.03.2020,07:32
Klinikum Ernst von Berg­mann Potsdam,,BB,2,2,,25.03.2020,13:11
Klinikum Esslingen,i53 und i12,BW,2,1,1,20.03.2020,21:46
Klinikum Frank­furt Höchst,,HE,1,1,3,25.03.2020,07:12
Klinikum Frank­furt Oder GmbH,63A+B,BB,3,1,,25.03.2020,06:09
Klinikum Fürth,,BY,1,1,,25.03.2020,13:08
Klinikum Garmisch-​Partenkirchen,Inter­dis­zi­pli­näre Inten­siv­me­dizin,BY,1,1,,25.03.2020,14:56
Klinikum Görlitz g Gmbh,IMZ,SN,2,2,,23.03.2020,15:57
Klinikum Gütersloh gGmbH,20 und 21,NRW,1,1,,24.03.2020,16:53
Klinikum Heiden­heim,"ZFI, Station C3",BW,2,1,,25.03.2020,09:51
Klinikum Herford,"Inten­siv­sta­tion 2, Inten­siv­sta­tion 3",NRW,1,1,1,24.03.2020,14:25
Klinikum Herford,Inten­siv­sta­tion 1,NRW,1,1,1,25.03.2020,07:29
Klinikum Ibben­büren,opera­tive Intensiv,NRW,1,1,1,25.03.2020,15:09
Klinikum Idar-​Oberstein,St. 22 und St. 16,RP,1,1,,25.03.2020,14:37
Klinikum Itzehoe,"19, 10, 01",SH,1,1,,25.03.2020,09:41
Klinikum Karls­burg,Inten­siv­the­ra­pie­sta­tion,MV,1,1,1,24.03.2020,16:36
"Klinikum Kempten, Klinik­ver­bund Allgäu",Inter­dis­zi­pli­näre Inten­siv­sta­tion D01,BY,2,1,,24.03.2020,08:37
Klinikum Konstanz - GLKN,Inter­dis­zi­pli­näre Inten­siv­sta­tion,BW,1,1,,25.03.2020,15:00
"Klinikum Landau-​Südliche Wein­straße GmbH, Standort Landau",Inten­siv­sta­tion,RP,1,1,,25.03.2020,08:07
Klinikum Lich­ten­fels,ICU/ IMC,BY,3,2,,25.03.2020,10:18
Klinikum Links der Weser,Inten­siv­sta­tion,HB,1,1,2,24.03.2020,08:43
Klinikum Lüden­scheid,,0,1,1,,25.03.2020,14:02
Klinikum Main-​Spessart Lohr,Inter­dis­zi­pli­näre Inten­siv­sta­tion,BY,1,1,,25.03.2020,08:17
Klinikum Merzig,Inten­siv­sta­tion,SL,3,1,3,25.03.2020,14:29
Klinikum Mittel­mosel Zell,Inten­siv­sta­tion,RP,1,2,,20.03.2020,12:20
Klinikum Mitt­leres Erzge­birge,ITS/IMC,SN,1,2,,21.03.2020,11:23
"Klinikum Nord­fries­land, Klinik Husum",Inter­dis­zi­pli­näre Inten­siv­sta­tion,SH,1,1,3,20.03.2020,11:03
Klinikum Nürn­berg,,BY,1,1,1,20.03.2013,09:26
Klinikum Nürn­berg Süd,Inter­nis­ti­sche Inten­siv­sta­tion B.U1.3-5,BY,1,1,1,24.03.2020,14:30
Klinikum Ober­lau­sitzer Berg­land Ebers­bach,Inten­siv­sta­tion,SN,1,1,,25.03.2020,13:02
Klinikum Ober­lau­sitzer Berg­land gGmbH,ITS,SN,1,1,3,24.03.2020,13:56
Klinikum Olden­burg AöR,Opera­tive Inten­siv­me­dizin,NI,1,1,1,25.03.2020,13:06
Klinikum Osna­brück,0541 405 5500,NI,1,1,1,21.03.2020,13:37
"Klinikum Passau, Klinik für Anäs­the­sio­logie und opera­tive Inten­siv­me­dizin",Inten­siv­sta­tionen 24 und 24a,BY,1,2,2,24.03.2020,15:34
Klinikum rechts der Isar der TU München Klinik für Anäs­the­sio­logie und Inten­siv­me­dizin,,BY,1,1,1,25.03.2020,12:25
Klinikum St. Georg Leipzig gGmbH,,SN,3,2,,20.03.2020,10:15
Klinikum Starn­berg,Intensiv,BY,2,1,,24.03.2020,11:15
Klinikum Stutt­gart,,BW,2,1,2,25.03.2020,09:32
Klinikum Südstadt Rostock,Inten­siv­be­reich,MV,1,1,,24.03.2020,18:47
Klinikum Traun­stein,Medi­zi­ni­sche Inten­siv­sta­tion,BY,1,1,1,23.03.2020,13:27
Klinikum Weil­heim,7,BY,1,1,,23.03.2020,14:16
Klinikum West­falen - Knapp­schafts­kran­ken­haus Dort­mund,Zentrum Inter­dis­zi­pli­näre Inten­siv­me­dizin,NRW,1,1,1,25.03.2020,14:09
Klinikum Wilhelms­haven gGmbH,Inten­sivs­me­dizin Wilhelms­haven,NI,1,1,1,24.03.2020,13:08
Klinikum Worms,Inter­dis­zi­pli­näre Inten­siv­sta­tionen,RP,1,1,,24.03.2020,13:49
"Klinikum Würz­burg Mitte Standort Missio­klinik, Salva­tor­strasse 7, 97074 Würz­burg",Inten­siv­sta­tion,BY,2,1,,22.03.2020,11:36
Klinikum-​Bremen-Ost,Inter­dis­zi­pli­näre Inten­siv­sta­tion,HB,2,2,,23.03.2020,15:13
Klinik­ver­bund Allgäu - Klinik Immen­stadt,Inten­siv­sta­tion,BY,1,1,1,25.03.2020,09:11
Klinik­ver­bund St. Anto­nius und St. Josef GmbH,,NRW,1,1,3,24.03.2020,16:19
Klinik­zen­trum Wester­stede,Opera­tive Inten­siv­sta­tion,NI,3,1,,25.03.2020,07:30
KMG Klinikum Kyritz,ITS / IMC,BB,1,1,,25.03.2020,15:38
KMG Klinikum Lucken­walde,ITS,BB,2,1,,25.03.2020,06:50
KMG Klinikum Pritz­walk,Inten­siv­ta­tion,BB,1,1,,25.03.2020,15:18
Knapp­schafts­kran­ken­haus Reck­ling­hausen,Inten­siv­sta­tion,NRW,1,1,,20.03.2020,12:20
Kran­ken­haus Anger­münde,Inten­siv­sta­tion,BB,1,1,,25.03.2020,09:14
Kran­ken­haus Barm­her­zige Brüder Regens­burg,IVK,BY,1,1,1,24.03.2020,22:30
Kran­ken­haus Betha­nien für die Graf­schaft Moers,Inter­dis­zi­pli­näre Inten­siv­sta­tion,NRW,1,1,,25.03.2020,09:33
Kran­ken­haus Buch­holz gGmbh,Inter­dis­zi­pli­näre Inten­siv­sta­tion,NI,1,2,,24.03.2020,16:47
"Kran­ken­haus der Augus­ti­ne­rinnen gGmbH, Köln",Intensiv,NRW,1,1,,25.03.2020,09:48
Kran­ken­haus Düren gGmbH,1b und 2C,NRW,1,1,,25.03.2020,09:58
Kran­ken­haus Eichhof,Inten­siv­sta­tion,HE,1,1,,25.03.2020,16:13
Kran­ken­haus Hard­heim,,BW,1,2,,23.03.2020,11:30
Kran­ken­haus Maria Hilf MAW,Intensiv,RP,1,1,3,23.03.2020,16:17
Kran­ken­haus Märkisch-​Oderland GmbH,Inten­siv­sta­tion (800),BB,1,1,,25.03.2020,07:53
Kran­ken­haus Martha-​Maria Halle-​Dölau,Inter­dis­zi­pli­näre Inten­siv­sta­tion,ST,2,1,3,20.03.2020,07:07
Kran­ken­haus Meck­len­burg Stre­litz,ITS,MV,1,1,3,19.03.2020,13:40
Kran­ken­haus Neuwerk,Inten­siv­sta­tion,NRW,1,2,,24.03.2020,08:17
Kran­ken­haus Orani­en­burg Ober­havel Kliniken GmbH,8 ITS,BB,1,1,,25.03.2020,13:20
Kran­ken­haus Porz am Rhein (Köln),Inter­dis­zi­pli­näre Inten­siv­sta­tion,NRW,1,1,,25.03.2020,12:12
Kran­ken­haus Reibek St. Adolf Stift,Inten­siv­sta­tion,SH,1,1,,25.03.2020,12:14
Kran­ken­haus Rummels­berg GmbH Schwar­zen­bruck b. Nürn­berg - Sana AG,Inten­siv­sta­tion und Intermediate-​Care,BY,1,1,,23.03.2020,07:44
Kran­ken­haus Saar­louis vom DRK,Inten­siv­ab­tei­lung,SL,1,1,,24.03.2020,13:46
Kran­ken­haus Sach­sen­hausen,,MV,1,2,,25.03.2020,12:07
Kran­ken­haus Salem,Inten­siv­sta­tion II,BW,1,1,,25.03.2020,09:10
Kran­ken­haus Sprem­berg,IMC,BB,1,1,,25.03.2020,07:37
Kran­ken­haus St. Hubertus-​Sift GmbH Bedburg,Inter­dis­zi­pli­näre Inten­siv­sta­tion,NRW,2,1,,25.03.2020,14:44
Kran­ken­haus St. Josef  Schwein­furt,Inter­dis­zi­pli­näre Inten­siv­sta­tion,BY,1,1,,25.03.2020,09:40
Kran­ken­haus St.​Joseph-Stift Bremen,Inter­dis­zi­pli­näre Inten­siv­me­dizin,HB,1,1,,24.03.2020,19:21
Kran­ken­haus vom Roten Kreuz Bad Cann­statt GmbH,Inter­nis­ti­sche Inten­siv­sta­tion,BW,3,3,,24.03.2020,12:51
Kran­ken­haus Wald­friede,Inter­dis­zi­pli­näre Inten­siv­sta­tion,BE,1,1,,25.03.2020,08:26
Kran­ken­haus Witt­mund gGmbH,Inten­siv­sta­tion,NI,1,1,3,25.03.2020,08:18
Krankenhaus-​Landshut-Achdorf,Inten­siv­sta­tion,BY,3,1,,25.03.2020,14:44
Kran­ken­häuser Land­kreis Freu­den­stadt,Inter­dis­zi­pli­näre Inten­siv­sta­tion,BW,1,1,,23.03.2020,17:09
Kreis­klinik Bogen,2.2,BY,1,1,,21.03.2020,08:42
Kreis­klinik St. Elisa­beth,Inten­siv­sta­tion,BY,1,1,,25.03.2020,08:01
Kreis­klinik Wörth an der Donau,Inter­dis­zi­pli­näre Inten­siv­sta­tion,BY,1,1,,25.03.2020,07:44
Kreis­kli­niken Darmstadt-​Dieburg Standort Jugen­heim,Inten­siv­sta­tion,HE,1,1,,22.03.2020,20:27
"Kreis­kli­niken Günzburg-​Krumbach, Klinik Günz­burg",GS8 Intensiv,BY,1,1,,25.03.2020,08:04
"Kreis­kli­niken Günzburg-​Krumbach, Klinik Krum­bach",Station 8 (ITS),BY,3,1,,22.03.2020,11:54
Kreis­klink Wertingen,IPS/IMC,BY,1,1,,24.03.2020,17:20
Kreis­klinken Darmstadt-​Dieburg Standort Groß-​Umstadt,inter­di­zi­pli­näre Inten­siv­sta­tion,HE,1,1,,23.03.2020,22:21
Kreis­kran­ken­haus Berg­straße,Inter­dis­zi­pli­näre Inten­siv­sta­tion,HE,2,2,,20.03.2020,10:54
Kreis­kran­ken­haus Fran­ken­berg gGmbH,,HE,1,1,,25.03.2020,08:29
Kreis­kran­ken­haus Frei­berg gGmbH,Station 16,SN,1,1,,24.03.2020,14:41
Kreis­kran­ken­haus Grün­stadt,Inten­siv­sta­tion,RP,2,1,,25.03.2020,13:53
Kreis­kran­ken­haus Osterholz-​Scharmbeck,inter­dis­zi­pli­näre Inten­siv­sta­tion,NI,3,3,,23.03.2020,17:10
Kreis­kran­ken­haus Prenzlau,ITS,BB,1,2,,21.03.2020,09:32
Kreis­kran­ken­haus Prignitz,ITS,BB,1,2,,21.03.2020,12:10
Kreis­kran­ken­haus Saar­burg GmbH,Inten­siv­sta­tion,RP,1,1,,25.03.2020,07:56
Kreis­kran­ken­haus Schro­ben­hausen GmbH,Inter­dis­zi­pli­näre Inten­siv­sta­tion (S2),BY,1,2,,25.03.2020,13:35
Kreis­kran­ken­haus Weil­burg,Inter­dis­zi­pli­näre Inten­siv­sta­tion,HE,1,1,,25.03.2020,13:00
Kreis­kran­ken­haus Wolgast gGmbH,ITS,MV,3,3,,25.03.2020,09:34
KRH Siloah Hannover,Inten­siv­sta­tion,NI,1,1,1,19.03.2020,16:31
Land­kreis Mitt­weida Kran­ken­haus gGmbH,Inter­dis­zi­pli­näre Inten­siv­sta­tion,SN,1,1,,25.03.2020,10:44
Lausitzer Seen­land Klinikum GmbH,Inten­siv­sta­tion,SN,2,1,,25.03.2020,15:49
Leopol­dina Kran­ken­haus Schwein­furt,Inten­siv­sta­tionen,BY,1,1,,25.03.2020,12:50
Lukas Kran­ken­haus Bünde,COV-ITS,NRW,1,1,,25.03.2020,12:59
Lukas­kran­ken­haus Neuss,Pädia­tri­sche Inten­siv­sta­tion,NRW,1,2,3,19.03.2020,10:58
Lungen­clinic Groß­hans­dorf,Inten­siv­sta­tion (Station 1),SH,3,2,,25.03.2020,08:36
Lungen­fach­klinik Immen­hausen,,HE,1,1,,23.03.2020,13:57
Lungen­klinik Ballen­stedt/Harz GmbH,,ST,2,1,,25.03.2020,10:38
Lungen­klinik Hemer,,NRW,1,1,2,19.03.2020,08:15
Lungen­klinik Neustadt,ITS und Weaningsta­tion,TH,1,1,2,24.03.2020,15:02
"Main-​Klinik Ochsen­furt, 97199 Ochsen­furt",Inter­dis­zi­pli­näre Inten­siv­sta­tion,BY,1,1,,24.03.2020,12:03
Malteser Kran­ken­haus Kamenz,Inten­siv­sta­tion,SN,1,1,,25.03.2020,08:38
Malteser Kran­ken­haus Seliger Gerhard Bonn/Rhein-​Sieg,Inter­dis­zi­pli­näre Inten­siv­sta­tion,NRW,1,1,,24.03.2020,12:52
Malteser Kran­ken­haus St. Carolus,Inten­siv­sta­tion,SN,1,1,,25.03.2020,08:54
Malteser Kran­ken­haus St. Hilde­gardis,Inter­dis­zi­pli­näre Inten­siv­sta­tion,NRW,1,1,,25.03.2020,10:17
"Malteser Kran­ken­haus St. Josefshos­pital Uerdingen, 47829 Krefeld, Kurfürs­tenstr. 69",Intensiv,NRW,1,1,,25.03.2020,08:35
Malteser Kran­ken­haus St.​Anna,1C,NRW,1,1,,25.03.2020,09:57
Maria-​Theresia-Klinik,Station 3,BY,1,1,,20.03.2020,09:56
Mariannen-​Hospital Werl,Intensiv,NRW,1,1,,25.03.2020,07:47
Marien-​Hospital,Inter­dis­zi­pli­näre Inten­siv­sta­tion,NRW,1,1,,25.03.2020,09:20
Mari­en­haus­klinik Ottweiler,,SL,1,2,,24.03.2020,13:14
Mari­en­haus­klinik St. Josef Kohlhof,,SL,1,1,,25.03.2020,13:23
Mari­en­haus­klinik St. Josef Losheim am See,Inten­siv­sta­tion,SL,1,1,3,23.03.2020,15:15
"Mari­en­haus­kli­nikum Eifel, Standort Bitburg",6,RP,1,1,,20.03.2020,11:55
Mari­en­hos­pital Gelsen­kir­chen (MHG),INI/OPI,NRW,1,1,,25.03.2020,10:54
Mari­en­hos­pital Osna­brück,,NI,1,1,1,25.03.2020,11:36
Mari­en­hos­pital Stutt­gart,Opera­tive Inten­siv­sta­tion M2ia,BW,1,1,,25.03.2020,12:08
Mari­en­hos­pital Stutt­gart; Vinzenz von Paul Kliniken GmbH,Inter­nis­ti­sche Inten­siv­sta­tion M2ib,BW,2,1,,19.03.2020,14:00
Mari­en­hos­pital Wesel,Inter­dis­zi­pli­näre Inten­siv­sta­tion,NRW,1,1,,25.03.2020,08:46
Mari­en­kran­ken­haus Hamburg,Med Intensiv /Op Intensiv,HH,1,1,1,24.03.2020,09:33
"Mari­en­kran­ken­haus Soest, Widum­gasse 5, 59494 Soest",ITS,NRW,1,1,,24.03.2020,09:44
Martha-​Marta Kran­ken­haus Nürn­berg,Inten­siv­sta­tion,BY,1,1,,24.03.2020,15:13
"Martin Luther Kran­ken­haus, Berlin",Inten­siv­sta­tion,BE,1,1,1,25.03.2020,13:13
MEDIAN Klinik NRZ Magde­burg,,ST,3,3,,20.03.2020,14:53
Medi­Clin Herz­zen­trum Coswig,ITS/IMC,ST,1,1,1,20.03.2020,18:33
MEDI­CLIN Müritz-​Klinikum,ITS,MV,1,1,,22.03.2020,18:04
medius KLINIK OSTFILDERN-​RUIT,,BW,2,2,,24.03.2020,18:39
medius KLINIKEN KIRCH­HEIM|NÜRTINGEN,,BW,2,1,,24.03.2020,18:42
Medi­zi­ni­sche Hoch­schule Hannover,,NI,1,1,1,20.03.2013,09:26
Neona­to­logie Klinikum Alten­burger Land,01,TH,1,2,,22.03.2020,10:21
Neuro­chir­ur­gi­sche Univer­si­täts­klinik Heidel­berg,Inten­siv­sta­tion,BW,1,1,,25.03.2020,13:29
Ober­schwa­ben­klinik Bad Waldsee,ITS,BW,1,3,,24.03.2020,11:51
OKH Schloss Werneck,IMC,BY,1,3,,25.03.2020,13:25
OSK West­all­gäu­kli­nikum Wangen,Inter­dis­zi­pli­näre Inten­siv­sta­tion,BW,1,1,,25.03.2020,10:04
Ostalb­kli­nikum Aalen,25,BW,1,1,,19.03.2020,08:36
OsteMed Kliniken und Pflege GmbH,Intensiv,NI,1,1,,23.03.2020,09:04
Pädia­tri­sche Inten­siv­sta­tion Univer­si­täts­kin­der­klinik Magde­burg,PAEI1,ST,1,2,,19.03.2020,10:54
Para­celsus Klinik Henstedt-​Ulzburg,inter­dis­zi­pli­näre Inten­siv­sta­tion,SH,1,1,,21.03.2020,13:41
Paracelsus-​Klinik Bad Ems,Intensiv,RP,3,1,,25.03.2020,13:49
Paracelsus-​Klinik Marl,Inten­siv­sta­tion,NRW,1,1,,20.03.2020,12:15
Paracelsus-​Klinik Zwickau,ITS,SN,2,2,,25.03.2020,08:10
Park-​Klinik Weis­sensee,Inten­siv­sta­tion,BE,1,1,,24.03.2020,14:51
Passauer Wolf Reha­zen­trum Bad Gries­bach,Station 1,BY,1,1,,23.03.2020,12:55
Pius-​Hospital Olden­burg,Inter­dis­zi­pli­näre Inten­siv­sta­tion,NI,1,1,,25.03.2020,08:16
Pleis­sen­tal­klinik Werdau,11,SN,1,1,,25.03.2020,13:32
Prosper-​Hospital Reck­ling­hausen Proselis Stif­tungs­klinik,Intensiv,NRW,3,1,3,19.03.2020,20:54
radprax Kran­ken­haus Plet­ten­berg,5,NRW,1,1,,20.03.2020,10:37
Regio Kliniken Kreis Pinne­berg Standort Elms­horn,3 F,SH,2,1,,25.03.2020,10:44
REGIOMED Klinikum Coburg,41/42,BY,1,1,2,23.03.2020,20:45
Rems Murr Klinik Schorn­dorf,Inten­siv­sta­tion,BW,2,2,,25.03.2020,13:55
Rems-​Murr-Klinikum Winnenden,Inter­dis­zi­pli­näre Inten­siv­sta­tion,BW,1,2,1,25.03.2020,13:53
Rhein-​Mosel-Fachklinik Ander­nach,Neuro­logie 3,RP,1,1,3,19.03.2020,18:36
Rhein­land Klinikum Dormagen GmbH,ITV,NRW,1,1,,25.03.2020,13:40
Rhön Klinikum Campus Bad Neustadt,Inten­siv­sta­tion,BY,1,1,1,23.03.2020,16:50
RKH Klinikum Ludwigs­burg,Stationen des Zentrums für Inten­siv­me­dizin,BW,1,1,1,24.03.2020,11:27
RKK-​Lorreto Kran­ken­haus Frei­burg,Inten­siv­sta­tion,BW,1,1,,23.03.2020,16:03
RKU - Universitäts-​ und Reha­bi­li­ta­ti­ons­kli­niken Ulm gGmbH,Inter­dis­zi­pli­näre Inten­siv­sta­tion,BW,2,1,,25.03.2020,10:54
Robert-​Bosch Kran­ken­haus,Innere Inten­siv­sta­tion 1D / IMC 3C,BW,1,1,2,24.03.2020,10:17
Rotkreuz­klinik Linden­berg gGmbH,Inter­dis­zi­pli­näre Inten­siv­sta­tion,BY,1,1,,25.03.2020,11:03
Rotkreuz­klinik Wert­heim,Intensiv,BW,1,1,,25.03.2020,14:18
Rotkreuz­kli­nikum München,,BY,1,2,,23.03.2020,19:00
Rottal-​Inn Kliniken KU - Eggen­felden,Inten­siv­sta­tion,BY,3,3,,23.03.2020,16:12
Ruppiner Kliniken,X2,BB,2,1,,24.03.2020,17:01
Säch­si­sche Schweiz Klinik Sebnitz,Inter­dis­zi­pli­näre Inten­siv­sta­tion,SN,2,1,,25.03.2020,15:56
Säch­si­sches Kran­ken­haus Arns­dorf,Inten­siv­sta­tion,SN,3,2,3,19.03.2020,14:09
Sana HANSE-​Klinikum Wismar GmbH,C2,MV,1,1,,25.03.2020,10:51
Sana Herz­chir­urgie Stutt­gart,Inten­siv­sta­tion,BW,1,1,1,25.03.2020,16:07
Sana Klinik Bad Wildbad,,BW,1,1,,23.03.2020,13:53
Sana Klinik Bethesda Stutt­gart,,BW,1,2,,23.03.2020,12:37
Sana Klinik Olden­burg in Holstein,Inten­siv­sta­tion,SH,1,1,,21.03.2020,16:02
Sana Klinik Pegnitz GmbH,Wach­sta­tion,BY,1,1,,24.03.2020,10:19
Sana Kliniken des Land­kreises Cham,Inter­dis­zi­pli­näre Inten­siv­sta­tion,BY,1,1,,25.03.2020,15:38
Sana Kliniken Duis­burg,B14/B15,NRW,2,1,,25.03.2020,10:24
Sana Kliniken Duis­burg,A13/A11,NRW,2,1,,25.03.2020,09:53
Sana Kliniken Leip­ziger Land,Inten­siv­sta­tion,SN,1,1,,25.03.2020,08:01
Sana Kliniken Lübeck,Inten­siv­sta­tion,SH,1,1,,25.03.2020,08:04
Sana Kliniken Osthol­stein GmbH - Klinik Eutin,inter­dis­zi­pli­näre Inten­siv­sta­tion,SH,1,1,,21.03.2020,10:05
SANA Kliniken Sommer­feld,IMC,BB,3,3,3,20.03.2020,07:12
"Sana Klinikum Hof, Eppen­reu­ther Str. 9, 95932 Hof",ITS,BY,3,2,,25.03.2020,12:56
Sana Klinikum Lich­ten­berg,7a/IMC,BE,1,1,,25.03.2020,09:43
SANA Klinikum Offen­bach,S2A,HE,1,1,2,24.03.2020,09:06
Sana Klinikum Remscheid,Inter­dis­zi­pli­näre Inten­siv­sta­tion,NRW,1,1,,25.03.2020,15:27
Sana Kran­ken­haus Benrath,Inter­dis­zi­pli­näre Inten­si­sta­tion,NRW,3,2,3,25.03.2020,08:16
Sana Kran­ken­haus Gerres­heim,ITS,NRW,2,1,,25.03.2020,07:52
Sana Kran­ken­haus Rade­vorm­wald,ITS,NRW,3,1,,25.03.2020,10:29
Sana Kran­ken­haus Templin,ITS,BB,2,1,,25.03.2020,11:24
Sana-​Herzzentrum Cottbus GmBh,Inten­siv­sta­tion,BB,3,1,1,24.03.2020,15:46
Sana-​Klinikum Hameln,C2,NI,2,2,,25.03.2020,07:11
Sana-​Krankenhaus Hürth GmbH,INT,NRW,2,3,,25.03.2020,09:22
Sana-​Krankenhaus Rügen GmbH,Inter­dis­zi­pli­näre Inten­siv­sta­tion,MV,3,1,,25.03.2020,11:50
sana-​pegnitz.de,,BY,1,1,,25.03.2020,13:23
Sanaklinik Biberach,Inten­siv­sta­tion,BW,2,2,,25.03.2020,09:45
Sana­kran­ken­haus Bad Doberan,Inten­siv­the­ra­pie­sta­tion,MV,2,1,,25.03.2020,06:57
Sankt Gertrauden Kran­ken­haus GmbH,ITS-35,BE,1,1,,23.03.2020,10:30
Sankt Gertrauden Krank­haus GmbH,Station 05,BE,1,3,,19.03.2020,12:40
Sankt Josef Hospital Xanten,Inten­siv­sta­tion,NRW,1,1,,23.03.2020,15:47
Sankt Katharinen-​Krankenhaus,Inten­siv­sta­tion 1A,HE,1,1,,23.03.2020,07:04
Sankt Marien Kran­ken­haus Ratingen,Inten­siv­sta­tion,NRW,1,1,,25.03.2020,08:22
Sankt Vincen­tius  Kran­ken­haus Speyer,,RP,1,1,,25.03.2020,07:46
Schön Klinik Düssel­dorf,Inter­dis­zi­pli­näre Inten­siv­sta­tion,NRW,1,1,,25.03.2020,09:13
Schön Klinik Hamburg Eilbek,Station 7A,HH,1,1,,25.03.2020,12:12
Schön Klinik Lorsch,Inten­siv­sta­tion,HE,1,2,,25.03.2020,09:34
Schön Klinik Neustadt,,SH,1,1,,23.03.2020,11:32
Schön Klinik Nürn­berg Fürth,inter­dis­zi­pli­näre Inten­siv­sta­tion,BY,1,1,,25.03.2020,07:03
Schön-​Klinik Vogta­reuth,Anäs­the­sio­lo­gi­sche Inten­siv­sta­tion,BY,3,1,2,25.03.2020,07:40
Schwarzwald-​Baar Klinikum,"Intensiv 12-15, DS24",BW,1,1,1,19.03.2020,19:36
Schwarzwald-​Baar-Klinikum,Station 11,BW,1,1,,25.03.2020,11:48
Sege­berger Kliniken,,SH,1,1,,24.03.2020,18:23
Siloah St. Trud­pert Klinikum,Inten­siv­sta­tion,BW,1,1,3,25.03.2020,14:58
SLK-​Klinikum am Gesund­brunnen Heil­bronn,,BW,1,1,1,25.03.2020,06:56
SMH Hospital Düren gGmbH,Inten­siv­sta­tion Erwach­sene,NRW,2,2,,25.03.2020,10:30
Sophien-​ und Hufeland-​Klinikum Weimar gGmbH,Inten­siv­sta­tion,TH,1,1,,25.03.2020,09:12
SRH Klinikum Karlsbad-​Langensteinbach GmbH,,BW,1,1,,25.03.2020,15:32
SRH Wald­kli­nikum Gera,Inter­dis­zi­pli­näre Inten­siv­sta­tion,TH,2,2,,20.03.2020,12:10
SRH Zentral­kli­nikum Suhl,S44 Intensiv,TH,1,1,,25.03.2020,13:01
St-​Johannes-Hospital Dort­mund,MIV/IPE/OIS/G1,NRW,2,1,1,25.03.2020,09:37
St. Anna Kran­ken­haus,Inten­siv­sta­tion,BY,3,2,3,25.03.2020,09:18
St. Anna-​Virngrund-Klinik,Inten­siv­sta­tion,BW,1,3,,25.03.2020,15:21
St. Ansgar Kran­ken­haus Höxter (Klinik­ver­bund KHWE),,NRW,1,1,1,20.03.2020,08:51
St. Augustinus-​ Kran­ken­haus Düren,inter­dis­zi­pli­näre Inten­siv­sta­tion,NRW,1,1,,25.03.2020,09:14
St. Barbara-​Klinik Hamm GmbH,1b/1c,NRW,1,1,,25.03.2020,13:14
St. Bernhard-​Hospital Brake,ITS,NI,2,2,3,19.03.2020,16:55
St. Bernhard-​Hospital Kamp-​Lintfort GmbH,Inten­siv­sta­tion,NRW,1,1,,25.03.2020,08:18
St. Elisa­beth & St. Barbara Kran­ken­haus,ITS 1,ST,1,1,,23.03.2020,07:43
St. Elisa­beth Hospital Iser­lohn,Inten­siv­sta­tion,NRW,1,1,,20.03.2020,23:26
St. Elisa­beth Kran­ken­haus Jülich,Inter­dis­zi­pli­näre Inten­siv­sta­tion,NRW,2,2,,25.03.2020,12:03
St. Elisa­beth Kran­ken­haus Lahn­stein - Ihr Gesun­de­heits­zen­trum - GmbH,Inten­siv­sta­tion,RP,2,2,,25.03.2020,10:29
"St. Elisabeth-​ KH Leipzig,  Bieder­mann­straße 84,  04277 Leipzig",Inter­dis­zi­pli­näre Inten­siv­sta­tion,SN,1,1,,25.03.2020,12:05
St. Elisabeth-​Hospital Beckum,Inten­siv­sta­tion,NRW,1,1,,24.03.2020,23:19
St. Fran­ziskus Hospital Ahlen,1F,NRW,1,1,,19.03.2020,13:38
St. Fran­ziskus Hospital Winter­berg,Intensiv,NRW,1,1,,25.03.2020,08:24
St. Fran­ziskus Kran­ken­haus Eitorf,,NRW,1,1,,25.03.2020,15:41
St. Franziskus-​Hospital Lohne,10,NI,1,1,,25.03.2020,08:57
St. Franziskus-​Hospital Münster,Inten­siv­sta­tionen 19 und 22,NRW,1,1,1,24.03.2020,10:48
St. Johannes Stift,Inten­siv­sta­tion,NRW,1,1,,25.03.2020,09:10
St. Josef Hospital Med. Klinik I (Kardiologie-​Intensivmedizin),Kardio­logie - Inten­siv­sta­tion,NRW,2,2,,24.03.2020,16:16
St. Josef Krakenn­haus Herr­mes­keil,Inter­dis­zi­pli­näre Inten­siv­staion,RP,1,1,,24.03.2020,09:31
St. Josef Kran­ken­haus GmbH Moers,Inter­dis­zi­pli­näre Inten­siv­sta­tion,NRW,3,1,,25.03.2020,11:20
St. Josef-​Krankenhaus Engels­kir­chen,Inten­siv­sta­tion,NRW,2,2,,25.03.2020,08:57
St. Josefs- Hospital Rheingau,Inten­siv­sta­tion,HE,1,1,,23.03.2020,11:51
St. Josefs-​Hospital Wies­baden,Station 31/32,HE,1,3,2,25.03.2020,12:28
St. Josefs-​Krankenhaus Potsdam-​Sanssouci,Inter­dis­zi­pli­näre Inten­siv­sta­tion,BB,1,1,,25.03.2020,10:31
St. Joseph Kran­ken­haus,Station 28,BE,1,1,,25.03.2020,10:07
St. Marien Hospital Lüding­hausen,ED,NRW,2,2,,25.03.2020,14:34
St. Marien-​Hospital Bonn,inter­di­zi­pli­näre Inten­siv­sta­tion,NRW,2,1,,24.03.2020,17:38
St. Marien-​Hospital Hmm gmbH,"K, 11",NRW,2,2,,23.03.2020,17:41
St. Marien-​Hospital Mülheim an der Ruhr,Inter­dis­zi­pli­näre Inten­siv­sta­tion,NRW,1,1,,25.03.2020,09:08
St. Marien-​Krankenhaus Berlin,Inter­dis­zi­pli­näre Inten­siv­sta­tion,BE,1,1,,25.03.2020,08:25
St. Marien-​Krankenhaus Siegen GmbH,A0,NRW,1,1,,25.03.2020,08:50
St. Mari­en­hos­pital Köln,Inten­siv­sta­tion,NRW,1,1,,25.03.2020,15:09
St. Mari­en­hos­pital Vechta gGmbH,Inter­dis­zi­pli­näre Inten­siv­sta­tion,NI,1,1,,25.03.2020,15:53
St. Mari­en­hos­pital Vechta gGmbH,Inter­dis­zi­pli­näre Inten­siv­sta­tion,NI,1,1,3,17.03.2020,18:41
St. Mari­en­kran­ken­haus Ludwigs­hafen,C1/C2,RP,1,1,,25.03.2020,09:46
St. Mari­en­wörth,Intensiv,RP,1,1,,24.03.2020,15:21
St. Martinus Hospital Olpe,4C - Intensiv,NRW,1,1,,25.03.2020,11:47
St. Nikolas Stifts­host­pital Ander­nach,inter­dis­zi­pli­näre Inten­siv­sta­tion,RP,1,1,,22.03.2020,12:30
St. Remigius-​Krankenhaus Opladen,Inten­siv­sta­tion,NRW,2,2,,23.03.2020,17:16
St. Rochus - Hospital,Intensiv,NRW,1,1,,25.03.2020,08:18
St. Sixtus-​Hospital,Inten­siv­sta­tion,NRW,1,1,,20.03.2020,16:44
St. Vinzenz Hospital Rheda-​Wiedenbrück,Inten­siv­sta­tion,NRW,1,1,,25.03.2020,13:36
St. Vinzenz-​Krankenhaus,"Inten­siv­sta­tion, inter­dis­zi­plinär",NRW,1,1,,24.03.2020,11:39
St. Vinzenz-​Krankenhaus Hanau gGmbH,Inter­dis­zi­pli­näre Inten­siv­sta­tion,HE,1,1,,23.03.2020,11:39
St. Willibrord-​Spital Emmerich-​Rees,Inten­siv­sta­tion,NRW,1,1,,25.03.2020,08:40
St.- Elisa­beth Kran­ken­haus Dorsten,Inten­siv­sta­tion,NRW,1,3,,24.03.2020,17:28
St.-​Antonius-Hospital gGmbH Eschweiler,Inter­dis­zi­pli­näre       Inten­siv­sta­tion,NRW,1,1,,23.03.2020,13:15
Städt. Klinikum Lüne­burg gGmbH,,NI,1,1,,25.03.2020,08:19
Städ­ti­sche Kliniken Mönchen­glad­bach,Inter­dis­zi­pli­näre Inten­siv­sta­tion,NRW,1,1,,25.03.2020,12:34
Städ­ti­sche Kliniken Mönchen­glad­bach Kinder­klinik Früh-​Neugeborenenintensiv,Früh- und Neuge­bo­renen Inten­siv­sta­tion K5,NRW,1,2,,24.03.2020,17:06
Städ­ti­sches Klinikum Bran­den­burg GmbH Hoch­schul­kli­nikum der MHB,ITS 1+2,BB,1,1,,24.03.2020,14:05
Städ­ti­sches Klinikum Dessau,,ST,2,3,,24.03.2020,09:39
Städ­ti­sches Klinikum Dresden-​ Standort Neustadt,Inten­siv­sta­tion S216,SN,1,2,3,19.03.2020,13:22
Städ­ti­sches Klinikum Karls­ruhe gGmbH,Beat­mung Erwach­sene,BW,2,2,2,25.03.2020,14:57
Städ­ti­sches Kran­ken­haus Eisen­hüt­ten­stadt GmbH,Inten­siv­sta­tion,BB,1,1,3,25.03.2020,10:10
Städ­ti­sches Kran­ken­haus Kiel,Inter­nis­ti­sche Inten­siv­sta­tion,SH,1,2,,25.03.2020,11:28
Städ­ti­sches Kran­ken­haus Pirma­sens,Inten­siv­sta­tion,RP,1,1,,25.03.2020,09:08
Stadt­klinik Fran­ken­thal,Inter­dis­zi­pli­näre Inten­siv­sta­tion,RP,2,2,,25.03.2020,14:08
Städt­si­ches Kran­ken­haus Nettetal GmbH,Intensiv,NRW,2,1,,25.03.2020,14:40
Stauf­er­kli­nikum Schwä­bisch Gmünd,19,BW,2,2,3,25.03.2020,08:25
Stif­tungs­kli­nikum Proselis Standort St. Elisa­beth Hospital Herten,inter­dis­zipl. Inten­siv­sta­tion,NRW,1,1,,25.03.2020,13:40
There­si­en­kran­ken­haus Mann­heim,Inten­siv­sta­tion 1,BW,2,2,,25.03.2020,12:36
There­si­en­kran­ken­haus Mann­heim,Inten­siv­sta­tion 2/3,BW,2,2,,25.03.2020,14:11
Thorax­klinik des Univer­si­täts­kli­ni­kums Heidel­berg,Inten­siv­sta­tion 1,BW,1,1,1,23.03.2020,18:25
Uniklinik Düssel­dorf,Inten­siv­sta­tion,NRW,1,1,1,20.03.2013,09:26
Uniklinik Köln Inter­nis­ti­sche Inten­siv­sta­tion ECMO Zentrum,4b,NRW,1,2,1,24.03.2020,23:48
"Uniklinik Köln, Neona­to­logie und Pädia­tri­sche Inten­siv­me­dizin",Kinder­in­ten­siv­sta­tion,NRW,2,2,,24.03.2020,13:32
"Unikli­nikum Dresden, Inter­nis­ti­sche Inten­siv­sta­tion",MK-ITS,SN,1,1,,24.03.2020,21:11
"Univer­sität Magde­burg, Klinik für Kardio­logie und Angio­logie",KAR3I,ST,3,1,1,19.03.2020,16:57
Univer­sität München Campus Groß­ha­dern,,BY,2,1,1,24.03.2020,20:11
Univer­sität München Campus Innen­stadt,Anaesthesiologisch-​Chirurgische Inten­siv­sta­tion ANIS5,BY,1,1,,19.03.2020,16:11
"Univer­si­täts­kin­der­klinik Bonn, Neona­to­logie und Pädia­tri­schen Inten­siv­me­dizin",Pädia­tri­sche Inten­siv­sta­tion,NRW,1,1,1,24.03.2020,14:30
Univer­si­täts­klinik RWTH Aachen,OIM,NRW,2,2,2,25.03.2020,12:28
Univer­si­täts­kli­nikum,,NRW,1,1,1,24.03.2020,12:42
Univer­si­täts­kli­nikum Augs­burg,Corona-​ICU,BY,1,1,1,25.03.2020,16:12
Univer­si­täts­kli­nikum Bonn,Opera­tive Inten­siv­me­dizin,NRW,1,1,1,25.03.2020,13:17
Univer­si­täts­kli­nikum des Saar­landes,M5-ICU,SL,1,1,1,17.03.2020,12:07
Univer­si­täts­kli­nikum Dresden,ARDS/ECMO Zentrum Dresden (ANE-ITS),SN,1,1,1,25.03.2020,13:56
Univer­si­täts­kli­nikum Erlangen,Koor­di­na­tion,BY,1,1,1,25.03.2020,11:51
Univer­si­täts­kli­nikum Essen,,NRW,1,1,1,18.03.2020,10:44
Univer­si­täts­kli­nikum Frank­furt am Main,"C1, anästh.-​operative Inten­siv­sta­tion",HE,1,1,1,24.03.2020,20:00
Univer­si­täts­kli­nikum Frei­burg,,BW,1,1,1,25.03.2020,06:30
Univer­si­täts­kli­nikum Gießen / Marburg,,HE,1,1,1,18.03.2020,14:01
"Univer­si­täts­kli­nikum Gießen und Marburg, Standort Gießen",,HE,1,1,1,24.03.2020,21:17
Univer­si­täts­kli­nikum Halle (Saale),I1 Innere Medizin Intensiv,ST,1,1,1,23.03.2020,18:17
Univer­si­täts­kli­nikum Hamburg-​Eppendorf,,HH,1,1,1,25.03.2020,00:03
Univer­si­täts­kli­nikum Jena,Inten­siv­me­dizin,TH,2,1,2,25.03.2020,13:30
Univer­si­täts­kli­nikum Knapp­schafts­kran­ken­haus Bochum,"Inter­dis­zi­pli­näre, opera­tive Inten­siv­sta­tion",NRW,1,1,1,25.03.2020,08:32
Univer­si­täts­kli­nikum Leipzig,Gesamtes Klinikum,SN,1,1,1,19.03.2020,15:00
"Univer­si­täts­kli­nikum Leipzig, Kinder­klinik",Inter­dis­zi­pli­näre Kinder­in­ten­siv­sta­tion,SN,1,1,,24.03.2020,17:17
Univer­si­täts­kli­nikum Marburg UKGM,Inten­siv­sta­tion 3b,HE,1,1,,24.03.2020,11:24
Univer­si­täts­kli­nikum Marburg UKGM,Inten­siv­sta­tion 2a/b,HE,1,1,1,25.03.2020,15:08
Univer­si­täts­kli­nikum Marien Hospital Herne,inter­dis­zi­pli­näre Inten­siv­sta­tion,NRW,1,1,1,25.03.2020,09:25
Univer­si­täts­kli­nikum Münster,,NRW,1,1,1,25.03.2020,10:21
Univer­si­täts­kli­nikum Regens­burg,gesamtes Klinikum,BY,1,1,1,24.03.2020,18:15
Univer­si­täts­kli­nikum Schleswig-​Holstein,Sektion Inter­dis­zi­pli­näre opera­tive Inten­siv­me­dizin,SH,1,1,1,16.03.2020,12:36
Univer­si­täts­kli­nikum Schleswig-​Holstein Campus Lübeck,Sektion Inter­dis­zi­pli­näre Konser­va­tive Inten­siv­me­dizin,SH,1,1,1,23.03.2020,11:19
Univer­si­täts­kli­nikum Tübingen,,BW,1,1,1,20.03.2013,09:26
Univer­si­täts­kli­nikum Ulm,IOI,BW,2,1,1,24.03.2020,13:02
Univer­si­täts­kli­nikum Würz­burg,COVID-​ICU Stationen,BY,1,1,1,24.03.2020,21:57
Univer­si­täts­kl­nikum des Saar­landes,Inten­siv­sta­tion IOI,SL,2,2,1,23.03.2020,14:05
Univer­si­täts­me­dizin Göttingen,,NI,1,1,1,24.03.2020,09:18
Univer­si­täts­me­dizin Greifs­wald,ITS1 / ITS2 / ITS3,MV,1,1,1,24.03.2020,14:16
Univer­si­täts­me­dizin Greifs­wald,Inter­nis­ti­sche ITS,MV,1,1,1,20.03.2013,09:26
Univer­si­täts­me­dizin Mainz,Insge­samt 6 Inten­siv­sta­tionen,RP,1,1,1,25.03.2020,14:27
Univer­si­täts­me­dizin Mann­heim,Gesamt­ko­or­di­na­tion,BW,2,2,1,23.03.2020,20:35
Univer­si­täts­me­dizin Rostock,PIT 1+2,MV,1,1,1,20.03.2020,13:32
Univer­si­täts­me­dizin Rostock - Inter­nis­ti­sche Inten­siv­sta­tion,Inter­nis­ti­sche Inten­siv­sta­tion,MV,1,1,1,24.03.2020,23:21
Univer­si­täts­me­dizin Rostock - Teil­kör­per­schaft der Univer­sität Rostock,Neuro­lo­gi­sche Inten­siv­sta­tion,MV,2,2,3,19.03.2020,16:10
Verbund­kran­ken­haus Bern­kastel/Witt­lich,Inten­siv­sta­tion,RP,1,1,,25.03.2020,08:29
ViDia Diako­nis­sen­kran­ken­haus,Inten­siv­sta­tion,BW,2,2,3,21.03.2020,16:15
Vincenz-​Krankenhaus Datteln,Inten­siv­sta­tion,NRW,3,1,,25.03.2020,09:20
Vitos Weil-​Lahn gGmbH (Weil­münster),Inten­siv­sta­tion,HE,1,1,,25.03.2020,10:42
Vivantes Auguste-​Viktoria-Klinikum (AVK),,BE,1,1,,25.03.2020,12:59
Vivantes Humboldt-​Klinikum,19,BE,1,1,,25.03.2020,07:46
Vivantes Humboldt-​Klinikum (HUK),,BE,1,1,,23.03.2020,13:30
Vivantes Klinikum am Urban (KAU),,BE,1,2,,25.03.2020,13:07
Vivantes Klinikum im Fried­richs­hain (KFH),,BE,1,1,1,25.03.2020,13:04
Vivantes Klinikum Neukölln,ITS 2,BE,1,1,3,25.03.2020,11:22
Vivantes Klinikum Neukölln,ITS 1,BE,1,1,3,18.03.2020,14:36
Vivantes Klinikum Spandau (KSP),,BE,1,1,,25.03.2020,13:06
Waldburg-​Zeil Akut­kli­niken GmbH & Co. KG - Fach­kli­niken Wangen,Pneu­mo­logie,BW,1,1,,23.03.2020,17:30
Wald­klinik Jeste­burg Aldag GmbH & Co. KG,Station A,NI,2,3,3,23.03.2020,16:59
Wald­kli­niken Eisnebrg/Thüringen,Inten­siv­sta­tion,TH,2,1,,23.03.2020,11:00
Werner-​Wicker-Klinik,Inten­siv­sta­tion A4,HE,1,1,,25.03.2020,11:08
Wert­ach­klinik Bobingen,Intensiv,BY,2,1,,25.03.2020,09:34
Wert­ach­klinik Schwab­mün­chen,ITS / IMC,BY,1,1,,24.03.2020,12:03
West­küs­ten­kli­nikum Heide,Inter­dis­zi­pli­näre Inten­siv­sta­tion,SH,3,1,2,21.03.2020,12:40
Westpfalz-​Klinikum GmbH,,RP,1,1,1,25.03.2020,10:07
Wilhelms­burger Kran­ken­haus Groß-​Sand,Inten­siv­sta­tion,HH,1,1,,25.03.2020,11:15
Zeisig­wald­kli­niken Betha­nien Chem­nitz im Verbund der Agap­le­sion,Inter­dis­zi­pli­näre ITS/ IMC,SN,1,1,,20.03.2020,10:56
Zentral­klinik Bad Berka GmbH,,TH,1,1,1,20.03.2013,09:26
"Zentrum für Intensiv-​ und Notfall­me­dizin, Klinikum Saar­brü­cken","ZIN 10, ZIN 43, COBAZ 1",SL,1,1,1,24.03.2020,21:27
